Date,Total crawl requests,Total download size (bytes),Average response time (ms)
2025-12-30,12,12375708,132
2025-12-31,4,151443,40
2026-01-01,1,423,47
2026-01-02,0,0,0
2026-01-03,0,0,0
2026-01-04,0,0,0
2026-01-05,0,0,0
2026-01-06,0,0,0
2026-01-07,0,0,0
2026-01-08,0,0,0
2026-01-09,8,4210842,56
2026-01-10,0,0,0
2026-01-11,0,0,0
2026-01-12,0,0,0
2026-01-13,0,0,0
2026-01-14,0,0,0
2026-01-15,0,0,0
2026-01-16,0,0,0
2026-01-17,0,0,0
2026-01-18,0,0,0
2026-01-19,0,0,0
2026-01-20,0,0,0
2026-01-21,8,4211862,63
2026-01-22,0,0,0
2026-01-23,0,0,0
2026-01-24,0,0,0
2026-01-25,0,0,0
2026-01-26,0,0,0
2026-01-27,0,0,0
2026-01-28,0,0,0
2026-01-29,0,0,0
2026-01-30,0,0,0
2026-01-31,8,4210833,80
2026-02-01,0,0,0
2026-02-02,1,1545,66
2026-02-03,0,0,0
2026-02-04,0,0,0
2026-02-05,6,166933,55
2026-02-06,0,0,0
2026-02-07,0,0,0
2026-02-08,0,0,0
2026-02-09,4,3090,43
2026-02-10,0,0,0
2026-02-11,6,4182215,68
2026-02-12,0,0,0
2026-02-13,0,0,0
2026-02-14,0,0,0
2026-02-15,0,0,0
2026-02-16,0,0,0
2026-02-17,0,0,0
2026-02-18,0,0,0
2026-02-19,0,0,0
2026-02-20,1,249,94
2026-02-21,0,0,0
2026-02-22,9,4209602,63
2026-02-23,8,300548,121
2026-02-24,1,249,84
2026-02-25,0,0,0
2026-02-26,1,249,113
2026-02-27,0,0,0
2026-02-28,3,150262,261
2026-03-01,0,0,0
2026-03-02,0,0,0
2026-03-03,0,0,0
2026-03-04,0,0,0